{"cameraMode":{"drawMode":0,"name":"Shaded","section":"Shading Mode"},"sceneLighting":true,"audioPlay":false,"sceneViewState":{"m_AlwaysRefresh":false,"showFog":true,"showSkybox":true,"showFlares":true,"showImageEffects":true,"showParticleSystems":true,"showVisualEffectGraphs":true,"m_FxEnabled":true},"in2DMode":false,"pivot":{"x":536.7235107421875,"y":271.7459716796875,"z":-100.49971771240235},"rotation":{"x":0.7976148128509522,"y":-0.0254086721688509,"z":0.033681537955999377,"w":0.6016913056373596},"size":167.27989196777345,"orthographic":false}